latitude,longitude,elevation,utc_offset_seconds,timezone,timezone_abbreviation
46.77061,9.874832,2358.61,7200,Europe/Zurich,GMT+2

time,temperature_2m (째C),snowfall (cm),rain (mm),snow_depth (m),precipitation (mm),wind_speed_10m (km/h),wind_speed_100m (km/h),wind_direction_10m (째),wind_direction_100m (째),wind_gusts_10m (km/h),sunshine_duration (s),cloud_cover (%)
2019-01-31T00:00,-15.4,0.14,0.00,3.89,0.20,4.3,4.3,78,68,9.0,0.00,100
2019-01-31T01:00,-15.2,0.07,0.00,3.89,0.10,4.3,4.3,98,106,9.7,0.00,90
2019-01-31T02:00,-15.8,0.00,0.00,3.89,0.00,4.0,4.0,146,168,8.3,0.00,93
2019-01-31T03:00,-15.8,0.00,0.00,3.89,0.00,6.1,6.1,130,152,8.6,0.00,60
2019-01-31T04:00,-16.1,0.00,0.00,3.89,0.00,8.6,8.6,132,152,15.8,0.00,4
2019-01-31T05:00,-17.4,0.00,0.00,3.89,0.00,11.9,11.9,134,158,22.3,0.00,0
2019-01-31T06:00,-18.5,0.00,0.00,3.89,0.00,13.3,13.3,140,168,24.1,0.00,10
2019-01-31T07:00,-18.8,0.00,0.00,3.89,0.00,12.6,12.6,144,178,24.1,0.00,49
2019-01-31T08:00,-18.4,0.00,0.00,3.89,0.00,11.9,11.9,150,188,22.7,0.00,64
2019-01-31T09:00,-17.5,0.00,0.00,3.89,0.00,12.6,12.6,162,186,27.4,0.00,100
2019-01-31T10:00,-16.0,0.00,0.00,3.89,0.00,14.0,14.0,156,178,29.2,0.00,32
2019-01-31T11:00,-15.2,0.00,0.00,3.89,0.00,14.4,14.4,154,180,29.9,3600.00,64
2019-01-31T12:00,-14.0,0.00,0.00,3.89,0.00,13.7,13.7,148,176,28.8,3600.00,100
2019-01-31T13:00,-13.2,0.00,0.00,3.89,0.00,13.3,13.3,148,180,29.9,2894.41,72
2019-01-31T14:00,-12.7,0.00,0.00,3.89,0.00,15.1,15.1,156,184,40.3,3600.00,22
2019-01-31T15:00,-12.6,0.00,0.00,3.89,0.00,17.3,17.3,160,184,45.4,3600.00,0
2019-01-31T16:00,-11.7,0.00,0.00,3.89,0.00,16.2,16.2,172,184,38.2,3600.00,33
2019-01-31T17:00,-12.0,0.00,0.00,3.89,0.00,17.3,17.3,174,184,36.0,3600.00,36
2019-01-31T18:00,-12.8,0.00,0.00,3.89,0.00,17.6,17.6,164,174,37.4,1294.93,38
2019-01-31T19:00,-13.2,0.00,0.00,3.89,0.00,19.4,19.4,160,174,38.5,0.00,42
2019-01-31T20:00,-13.0,0.00,0.00,3.89,0.00,20.5,20.5,156,172,40.7,0.00,90
2019-01-31T21:00,-11.7,0.00,0.00,3.89,0.00,20.9,20.9,148,162,43.2,0.00,82
2019-01-31T22:00,-10.8,0.07,0.00,3.89,0.10,21.6,21.6,162,176,43.6,0.00,98
2019-01-31T23:00,-9.9,0.35,0.00,3.89,0.50,21.6,21.6,162,172,45.7,0.00,100
2019-02-01T00:00,-9.2,0.00,0.00,3.89,0.00,23.4,23.4,164,178,51.1,0.00,58
2019-02-01T01:00,-8.9,0.00,0.00,3.89,0.00,24.1,24.1,172,180,53.6,0.00,89
2019-02-01T02:00,-8.3,0.00,0.00,3.89,0.00,23.8,23.8,174,182,52.9,0.00,69
2019-02-01T03:00,-8.2,0.00,0.00,3.89,0.00,23.0,23.0,170,178,51.1,0.00,82
2019-02-01T04:00,-7.8,0.00,0.00,3.89,0.00,21.6,21.6,174,182,50.0,0.00,62
2019-02-01T05:00,-7.7,0.00,0.00,3.89,0.00,23.0,23.0,162,170,46.8,0.00,85
2019-02-01T06:00,-8.3,0.00,0.00,3.89,0.00,20.9,20.9,150,156,47.2,0.00,90
2019-02-01T07:00,-8.0,0.00,0.00,3.89,0.00,19.4,19.4,146,156,41.4,0.00,97
2019-02-01T08:00,-8.0,0.00,0.00,3.89,0.00,17.3,17.3,146,148,37.8,0.00,77
2019-02-01T09:00,-7.5,0.00,0.00,3.92,0.00,16.9,16.9,154,158,34.9,0.00,100
2019-02-01T10:00,-7.4,0.00,0.00,3.92,0.00,16.9,16.9,154,154,34.9,0.00,88
2019-02-01T11:00,-6.4,0.07,0.00,3.92,0.10,18.4,18.4,164,162,37.1,0.00,98
2019-02-01T12:00,-5.5,0.07,0.00,3.92,0.10,18.7,18.7,162,160,38.9,0.00,53
2019-02-01T13:00,-3.0,0.07,0.00,3.92,0.10,27.0,27.0,172,174,58.0,3600.00,46
2019-02-01T14:00,-2.1,0.00,0.00,3.92,0.00,27.0,27.0,174,176,62.6,3600.00,95
2019-02-01T15:00,-2.5,0.14,0.00,3.92,0.20,24.8,24.8,170,168,60.1,0.00,81
2019-02-01T16:00,-2.1,0.07,0.00,3.92,0.10,27.4,27.4,168,170,59.0,2566.39,69
2019-02-01T17:00,-2.4,0.14,0.00,3.92,0.20,27.0,27.0,174,174,60.5,0.00,70
2019-02-01T18:00,-3.1,0.21,0.00,3.93,0.30,27.0,27.0,164,166,63.0,0.00,74
2019-02-01T19:00,-2.8,0.21,0.00,3.93,0.30,31.7,31.7,170,172,72.0,0.00,50
2019-02-01T20:00,-2.9,0.28,0.00,3.93,0.40,32.4,32.4,172,174,74.2,0.00,56
2019-02-01T21:00,-3.8,0.35,0.00,3.94,0.50,25.2,25.2,166,166,68.0,0.00,91
2019-02-01T22:00,-3.1,0.35,0.00,3.94,0.50,26.6,26.6,172,174,59.0,0.00,46
2019-02-01T23:00,-3.4,0.14,0.00,3.94,0.20,23.8,23.8,172,172,58.7,0.00,90
2019-02-02T00:00,-4.7,0.14,0.00,3.94,0.20,17.6,17.6,188,184,51.5,0.00,100
2019-02-02T01:00,-5.0,0.07,0.00,3.94,0.10,17.6,17.6,186,186,37.8,0.00,100
2019-02-02T02:00,-5.4,0.00,0.00,3.95,0.00,15.5,15.5,196,194,37.4,0.00,95
2019-02-02T03:00,-6.1,0.00,0.00,3.95,0.00,17.6,17.6,184,186,37.4,0.00,93
2019-02-02T04:00,-5.3,0.07,0.00,3.95,0.10,18.0,18.0,182,190,41.8,0.00,92
2019-02-02T05:00,-5.0,0.14,0.00,3.95,0.20,17.3,17.3,200,202,40.7,0.00,100
2019-02-02T06:00,-6.5,0.21,0.00,3.95,0.30,10.4,10.4,150,160,31.7,0.00,100
2019-02-02T07:00,-6.6,0.35,0.00,3.95,0.50,12.2,12.2,138,150,24.1,0.00,100
2019-02-02T08:00,-6.7,0.28,0.00,3.96,0.40,11.5,11.5,138,154,24.8,0.00,94
2019-02-02T09:00,-7.3,0.00,0.00,4.28,0.00,9.4,9.4,178,182,25.6,0.00,0
2019-02-02T10:00,-8.6,0.00,0.00,4.28,0.00,10.4,10.4,204,200,24.5,2596.59,0
2019-02-02T11:00,-8.2,0.00,0.00,4.28,0.00,8.3,8.3,202,200,24.5,3600.00,1
2019-02-02T12:00,-6.9,0.00,0.00,4.28,0.00,9.4,9.4,180,182,22.3,3600.00,3
2019-02-02T13:00,-5.4,0.00,0.00,4.28,0.00,11.5,11.5,164,170,24.1,3600.00,36
2019-02-02T14:00,-4.5,0.00,0.00,4.28,0.00,11.5,11.5,166,170,24.8,3600.00,55
2019-02-02T15:00,-4.6,0.00,0.00,4.28,0.00,12.2,12.2,174,178,27.0,3600.00,60
2019-02-02T16:00,-4.7,0.00,0.00,4.28,0.00,11.2,11.2,168,170,27.0,3600.00,80
2019-02-02T17:00,-5.9,0.00,0.00,4.28,0.00,9.0,9.0,154,152,24.8,272.31,90
2019-02-02T18:00,-7.3,0.00,0.00,4.28,0.00,8.6,8.6,132,134,21.6,0.00,90
2019-02-02T19:00,-8.1,0.00,0.00,4.28,0.00,7.2,7.2,114,124,19.8,0.00,90
2019-02-02T20:00,-8.5,0.00,0.00,4.28,0.00,5.8,5.8,94,110,15.5,0.00,100
2019-02-02T21:00,-8.2,0.14,0.00,4.28,0.20,4.0,4.0,44,58,10.1,0.00,100
2019-02-02T22:00,-8.6,0.14,0.00,4.28,0.20,5.4,5.4,20,14,10.1,0.00,100
2019-02-02T23:00,-8.8,0.21,0.00,4.29,0.30,5.8,5.8,14,14,10.8,0.00,100
2019-02-03T00:00,-8.2,0.35,0.00,4.29,0.50,6.1,6.1,8,354,12.2,0.00,100
2019-02-03T01:00,-8.0,0.35,0.00,4.30,0.50,6.1,6.1,2,350,12.6,0.00,100
2019-02-03T02:00,-7.9,0.42,0.00,4.30,0.60,7.9,7.9,348,342,16.2,0.00,100
2019-02-03T03:00,-7.7,0.56,0.00,4.31,0.80,7.2,7.2,340,334,15.8,0.00,100
2019-02-03T04:00,-8.0,0.84,0.00,4.32,1.20,9.0,9.0,336,334,19.1,0.00,100
2019-02-03T05:00,-8.5,0.77,0.00,4.33,1.10,10.4,10.4,338,336,21.2,0.00,100
2019-02-03T06:00,-8.9,0.91,0.00,4.34,1.30,11.9,11.9,332,332,25.2,0.00,100
2019-02-03T07:00,-9.2,0.91,0.00,4.35,1.30,14.4,14.4,340,340,30.2,0.00,100
2019-02-03T08:00,-9.6,0.84,0.00,4.36,1.20,15.1,15.1,344,346,32.0,0.00,100
2019-02-03T09:00,-9.9,0.70,0.00,4.46,1.00,14.8,14.8,348,350,33.5,0.00,100
2019-02-03T10:00,-10.1,0.49,0.00,4.47,0.70,15.8,15.8,352,354,34.6,0.00,100
2019-02-03T11:00,-10.3,0.42,0.00,4.48,0.60,13.3,13.3,344,344,34.2,0.00,100
2019-02-03T12:00,-10.4,0.42,0.00,4.48,0.60,10.8,10.8,346,348,22.0,0.00,100
2019-02-03T13:00,-10.3,0.42,0.00,4.49,0.60,14.8,14.8,350,352,31.3,0.00,100
2019-02-03T14:00,-10.5,0.35,0.00,4.49,0.50,15.5,15.5,346,348,32.4,0.00,100
2019-02-03T15:00,-10.3,0.63,0.00,4.50,0.90,15.1,15.1,352,352,32.4,0.00,100
2019-02-03T16:00,-10.8,0.42,0.00,4.51,0.60,15.8,15.8,350,350,33.8,0.00,100
2019-02-03T17:00,-11.3,0.42,0.00,4.51,0.60,15.5,15.5,348,350,34.9,0.00,100
2019-02-03T18:00,-11.6,0.35,0.00,4.52,0.50,16.2,16.2,350,350,34.6,0.00,100
2019-02-03T19:00,-12.3,0.28,0.00,4.52,0.40,15.5,15.5,348,350,32.8,0.00,100
2019-02-03T20:00,-12.9,0.28,0.00,4.52,0.40,14.0,14.0,350,350,31.7,0.00,100
2019-02-03T21:00,-12.8,0.21,0.00,4.52,0.30,11.5,11.5,354,354,25.9,0.00,100
2019-02-03T22:00,-13.1,0.14,0.00,4.53,0.20,11.2,11.2,348,350,24.1,0.00,100
2019-02-03T23:00,-13.3,0.14,0.00,4.53,0.20,10.4,10.4,354,354,23.4,0.00,100
2019-02-04T00:00,-13.0,0.14,0.00,4.53,0.20,10.1,10.1,354,352,22.0,0.00,100
2019-02-04T01:00,-13.1,0.14,0.00,4.53,0.20,11.5,11.5,354,354,23.8,0.00,100
2019-02-04T02:00,-13.4,0.07,0.00,4.53,0.10,10.4,10.4,2,2,23.8,0.00,100
2019-02-04T03:00,-13.2,0.07,0.00,4.53,0.10,9.4,9.4,10,10,24.8,0.00,100
2019-02-04T04:00,-13.7,0.00,0.00,4.53,0.00,6.5,6.5,28,22,18.7,0.00,100
2019-02-04T05:00,-14.0,0.00,0.00,4.54,0.00,5.4,5.4,76,46,12.6,0.00,32
2019-02-04T06:00,-15.4,0.00,0.00,4.54,0.00,2.2,2.2,46,30,11.9,0.00,8
2019-02-04T07:00,-16.4,0.00,0.00,4.54,0.00,2.2,2.2,132,18,3.2,0.00,7
2019-02-04T08:00,-17.4,0.00,0.00,4.54,0.00,2.9,2.9,82,8,4.0,0.00,28
2019-02-04T09:00,-17.9,0.00,0.00,4.56,0.00,5.8,5.8,138,70,6.5,0.00,0
2019-02-04T10:00,-17.3,0.00,0.00,4.56,0.00,7.6,7.6,140,110,7.6,2767.88,0
2019-02-04T11:00,-15.5,0.00,0.00,4.56,0.00,7.2,7.2,132,168,7.6,3600.00,0
2019-02-04T12:00,-13.4,0.00,0.00,4.56,0.00,6.8,6.8,130,150,9.0,3600.00,0
2019-02-04T13:00,-10.8,0.00,0.00,4.56,0.00,7.2,7.2,134,178,7.6,3600.00,0
2019-02-04T14:00,-9.0,0.00,0.00,4.56,0.00,6.5,6.5,126,208,7.2,3600.00,0
2019-02-04T15:00,-9.0,0.00,0.00,4.56,0.00,6.5,6.5,138,196,6.8,3600.00,0
2019-02-04T16:00,-9.1,0.00,0.00,4.56,0.00,7.6,7.6,132,182,7.6,3600.00,5
2019-02-04T17:00,-10.5,0.00,0.00,4.56,0.00,7.9,7.9,132,192,8.3,3600.00,2
2019-02-04T18:00,-12.9,0.00,0.00,4.56,0.00,8.3,8.3,136,202,9.0,3321.98,1
2019-02-04T19:00,-14.6,0.00,0.00,4.56,0.00,8.3,8.3,136,194,9.4,0.00,3
2019-02-04T20:00,-15.6,0.00,0.00,4.56,0.00,7.6,7.6,132,226,9.4,0.00,9
2019-02-04T21:00,-16.5,0.00,0.00,4.56,0.00,7.2,7.2,130,48,9.0,0.00,26
2019-02-04T22:00,-16.8,0.00,0.00,4.56,0.00,7.6,7.6,140,210,7.9,0.00,18
2019-02-04T23:00,-16.9,0.00,0.00,4.56,0.00,9.0,9.0,130,144,9.7,0.00,21
2019-02-05T00:00,-17.1,0.00,0.00,4.56,0.00,8.3,8.3,136,244,10.4,0.00,26
2019-02-05T01:00,-16.9,0.00,0.00,4.56,0.00,8.3,8.3,132,128,9.4,0.00,15
2019-02-05T02:00,-17.0,0.00,0.00,4.56,0.00,6.8,6.8,132,318,8.6,0.00,46
2019-02-05T03:00,-17.0,0.00,0.00,4.56,0.00,6.5,6.5,130,18,6.8,0.00,68
2019-02-05T04:00,-16.7,0.00,0.00,4.56,0.00,7.6,7.6,132,30,7.9,0.00,56
2019-02-05T05:00,-16.2,0.00,0.00,4.56,0.00,6.8,6.8,128,20,8.3,0.00,86
2019-02-05T06:00,-15.7,0.00,0.00,4.56,0.00,6.1,6.1,122,18,8.3,0.00,34
2019-02-05T07:00,-16.0,0.00,0.00,4.56,0.00,6.5,6.5,126,32,6.8,0.00,27
2019-02-05T08:00,-16.4,0.00,0.00,4.56,0.00,6.8,6.8,124,28,7.6,0.00,44
2019-02-05T09:00,-15.7,0.00,0.00,4.58,0.00,7.2,7.2,130,60,9.0,0.00,44
2019-02-05T10:00,-15.3,0.00,0.00,4.58,0.00,6.5,6.5,122,22,7.6,2855.42,0
2019-02-05T11:00,-13.8,0.00,0.00,4.58,0.00,4.7,4.7,112,4,6.8,3600.00,0
2019-02-05T12:00,-12.5,0.00,0.00,4.58,0.00,5.4,5.4,122,6,5.4,3600.00,0
2019-02-05T13:00,-10.3,0.00,0.00,4.58,0.00,6.1,6.1,126,2,6.5,3600.00,0
2019-02-05T14:00,-8.5,0.00,0.00,4.58,0.00,5.8,5.8,126,24,6.1,3600.00,0
2019-02-05T15:00,-8.6,0.00,0.00,4.58,0.00,5.8,5.8,128,42,6.1,3600.00,0
2019-02-05T16:00,-8.7,0.00,0.00,4.58,0.00,6.8,6.8,126,46,6.8,3600.00,0
2019-02-05T17:00,-9.8,0.00,0.00,4.58,0.00,5.8,5.8,122,26,7.2,3600.00,2
2019-02-05T18:00,-12.0,0.00,0.00,4.58,0.00,5.8,5.8,130,52,7.2,3421.10,14
2019-02-05T19:00,-14.2,0.00,0.00,4.58,0.00,7.6,7.6,124,32,7.9,0.00,17
2019-02-05T20:00,-15.2,0.00,0.00,4.58,0.00,7.6,7.6,124,26,8.6,0.00,22
2019-02-05T21:00,-15.8,0.00,0.00,4.58,0.00,8.3,8.3,130,54,8.6,0.00,14
2019-02-05T22:00,-16.0,0.00,0.00,4.58,0.00,8.3,8.3,128,26,9.0,0.00,11
2019-02-05T23:00,-15.9,0.00,0.00,4.58,0.00,7.9,7.9,124,18,8.6,0.00,18
2019-02-06T00:00,-16.2,0.00,0.00,4.58,0.00,8.3,8.3,132,44,8.6,0.00,12
2019-02-06T01:00,-16.1,0.00,0.00,4.58,0.00,9.0,9.0,128,60,9.0,0.00,14
2019-02-06T02:00,-15.8,0.00,0.00,4.58,0.00,8.3,8.3,126,26,9.0,0.00,4
2019-02-06T03:00,-16.2,0.00,0.00,4.58,0.00,8.6,8.6,130,78,9.4,0.00,2
2019-02-06T04:00,-16.1,0.00,0.00,4.58,0.00,8.6,8.6,126,30,9.4,0.00,1
2019-02-06T05:00,-16.1,0.00,0.00,4.58,0.00,8.3,8.3,122,34,9.0,0.00,4
2019-02-06T06:00,-16.9,0.00,0.00,4.58,0.00,9.0,9.0,128,86,9.4,0.00,4
2019-02-06T07:00,-16.8,0.00,0.00,4.58,0.00,8.6,8.6,126,30,9.4,0.00,4
2019-02-06T08:00,-16.6,0.00,0.00,4.58,0.00,8.3,8.3,122,46,9.0,0.00,9
2019-02-06T09:00,-17.2,0.00,0.00,4.55,0.00,8.6,8.6,134,86,10.1,0.00,17
2019-02-06T10:00,-16.3,0.00,0.00,4.55,0.00,8.6,8.6,136,40,9.7,2944.09,19
2019-02-06T11:00,-14.2,0.00,0.00,4.55,0.00,7.2,7.2,132,60,9.0,3600.00,22
2019-02-06T12:00,-12.7,0.00,0.00,4.55,0.00,8.3,8.3,140,136,8.6,3600.00,26
2019-02-06T13:00,-10.0,0.00,0.00,4.55,0.00,9.7,9.7,134,146,9.7,3600.00,17
2019-02-06T14:00,-7.9,0.00,0.00,4.55,0.00,10.1,10.1,132,158,10.1,3600.00,16
2019-02-06T15:00,-7.7,0.00,0.00,4.55,0.00,10.1,10.1,136,162,11.2,3600.00,22
2019-02-06T16:00,-7.9,0.00,0.00,4.55,0.00,10.8,10.8,132,192,10.8,3600.00,21
2019-02-06T17:00,-8.9,0.00,0.00,4.55,0.00,10.8,10.8,132,198,11.5,3600.00,26
2019-02-06T18:00,-11.7,0.00,0.00,4.55,0.00,11.2,11.2,132,170,11.9,1243.71,32
2019-02-06T19:00,-13.8,0.00,0.00,4.55,0.00,13.3,13.3,134,184,14.0,0.00,27
2019-02-06T20:00,-14.7,0.00,0.00,4.55,0.00,13.0,13.0,132,184,14.0,0.00,28
2019-02-06T21:00,-15.7,0.00,0.00,4.55,0.00,12.6,12.6,134,188,14.8,0.00,16
2019-02-06T22:00,-15.8,0.00,0.00,4.55,0.00,13.0,13.0,138,198,15.1,0.00,17
2019-02-06T23:00,-15.5,0.00,0.00,4.55,0.00,12.2,12.2,142,198,15.1,0.00,10
2019-02-07T00:00,-15.7,0.00,0.00,4.55,0.00,13.7,13.7,136,176,16.6,0.00,23
2019-02-07T01:00,-15.6,0.00,0.00,4.55,0.00,15.5,15.5,138,190,16.6,0.00,20
2019-02-07T02:00,-15.0,0.00,0.00,4.55,0.00,15.5,15.5,140,184,16.9,0.00,20
2019-02-07T03:00,-15.7,0.00,0.00,4.55,0.00,13.7,13.7,140,196,16.9,0.00,12
2019-02-07T04:00,-15.3,0.00,0.00,4.55,0.00,11.9,11.9,140,206,15.8,0.00,20
2019-02-07T05:00,-15.0,0.00,0.00,4.55,0.00,11.5,11.5,138,196,14.8,0.00,35
2019-02-07T06:00,-15.6,0.00,0.00,4.55,0.00,11.5,11.5,138,196,14.4,0.00,23
2019-02-07T07:00,-15.5,0.00,0.00,4.55,0.00,10.8,10.8,138,204,12.2,0.00,35
2019-02-07T08:00,-15.4,0.00,0.00,4.55,0.00,11.2,11.2,138,186,11.9,0.00,30
2019-02-07T09:00,-16.2,0.00,0.00,4.57,0.00,12.2,12.2,134,164,13.3,0.00,75
2019-02-07T10:00,-15.0,0.00,0.00,4.57,0.00,11.9,11.9,138,216,13.3,0.00,90
2019-02-07T11:00,-12.5,0.00,0.00,4.57,0.00,9.4,9.4,142,200,13.7,0.00,87
2019-02-07T12:00,-11.1,0.00,0.00,4.57,0.00,8.6,8.6,140,186,10.1,0.00,90
2019-02-07T13:00,-8.9,0.00,0.00,4.57,0.00,9.4,9.4,142,196,10.1,0.00,81
2019-02-07T14:00,-7.1,0.00,0.00,4.57,0.00,8.6,8.6,148,204,11.9,0.00,100
2019-02-07T15:00,-6.0,0.00,0.00,4.57,0.00,7.9,7.9,172,202,16.6,0.00,100
2019-02-07T16:00,-7.0,0.07,0.00,4.57,0.10,7.9,7.9,162,196,16.6,0.00,100
2019-02-07T17:00,-8.4,0.14,0.00,4.57,0.20,7.6,7.6,152,192,14.8,0.00,100
2019-02-07T18:00,-8.7,0.28,0.00,4.57,0.40,5.8,5.8,164,214,12.6,0.00,100
2019-02-07T19:00,-9.5,0.42,0.00,4.58,0.60,5.0,5.0,170,226,11.2,0.00,100
2019-02-07T20:00,-9.9,0.49,0.00,4.59,0.70,6.8,6.8,156,188,12.2,0.00,100
2019-02-07T21:00,-8.8,0.35,0.00,4.59,0.50,5.8,5.8,172,206,15.5,0.00,100
2019-02-07T22:00,-9.6,0.21,0.00,4.59,0.30,2.2,2.2,220,272,11.2,0.00,100
2019-02-07T23:00,-10.1,0.70,0.00,4.61,1.00,2.2,2.2,350,324,4.3,0.00,100
2019-02-08T00:00,-9.5,0.84,0.00,4.61,1.20,6.8,6.8,356,348,13.3,0.00,100
2019-02-08T01:00,-9.7,0.35,0.00,4.62,0.50,9.0,9.0,2,358,19.4,0.00,100
2019-02-08T02:00,-10.0,0.21,0.00,4.62,0.30,8.3,8.3,12,6,18.4,0.00,100
2019-02-08T03:00,-10.0,0.14,0.00,4.63,0.20,6.8,6.8,18,12,19.8,0.00,100
2019-02-08T04:00,-10.4,0.07,0.00,4.63,0.10,6.5,6.5,24,14,14.0,0.00,90
2019-02-08T05:00,-11.2,0.00,0.00,4.63,0.00,5.4,5.4,52,34,13.0,0.00,4
2019-02-08T06:00,-12.1,0.00,0.00,4.63,0.00,7.6,7.6,114,52,13.3,0.00,0
2019-02-08T07:00,-14.3,0.00,0.00,4.63,0.00,6.8,6.8,120,48,10.4,0.00,2
2019-02-08T08:00,-15.7,0.00,0.00,4.63,0.00,7.9,7.9,126,56,8.6,0.00,5
2019-02-08T09:00,-16.2,0.00,0.00,4.78,0.00,8.6,8.6,130,40,9.7,0.00,10
2019-02-08T10:00,-15.8,0.00,0.00,4.78,0.00,9.4,9.4,130,134,10.1,3124.57,7
2019-02-08T11:00,-14.1,0.00,0.00,4.78,0.00,9.7,9.7,132,164,10.1,3600.00,17
2019-02-08T12:00,-11.5,0.00,0.00,4.78,0.00,9.0,9.0,130,140,10.4,3600.00,34
2019-02-08T13:00,-9.1,0.00,0.00,4.78,0.00,9.7,9.7,136,196,10.1,3600.00,40
2019-02-08T14:00,-7.3,0.00,0.00,4.78,0.00,10.1,10.1,138,196,10.8,3600.00,36
2019-02-08T15:00,-6.7,0.00,0.00,4.78,0.00,10.4,10.4,134,194,11.5,3600.00,31
2019-02-08T16:00,-6.7,0.00,0.00,4.78,0.00,10.8,10.8,138,188,12.2,3600.00,30
2019-02-08T17:00,-7.0,0.00,0.00,4.78,0.00,13.0,13.0,154,180,26.3,3600.00,30
2019-02-08T18:00,-8.4,0.00,0.00,4.78,0.00,14.0,14.0,154,178,25.2,0.00,45
2019-02-08T19:00,-10.1,0.00,0.00,4.78,0.00,14.0,14.0,156,184,25.9,0.00,42
2019-02-08T20:00,-10.5,0.00,0.00,4.78,0.00,15.8,15.8,154,176,28.8,0.00,55
2019-02-08T21:00,-10.5,0.00,0.00,4.78,0.00,15.1,15.1,148,180,27.0,0.00,46
2019-02-08T22:00,-10.5,0.00,0.00,4.78,0.00,14.0,14.0,152,188,25.9,0.00,69
2019-02-08T23:00,-10.1,0.00,0.00,4.78,0.00,14.4,14.4,154,182,25.9,0.00,74
2019-02-09T00:00,-10.3,0.00,0.00,4.78,0.00,13.3,13.3,160,194,24.8,0.00,50
2019-02-09T01:00,-10.4,0.00,0.00,4.78,0.00,14.8,14.8,160,194,26.6,0.00,72
2019-02-09T02:00,-10.3,0.00,0.00,4.78,0.00,15.5,15.5,160,190,28.8,0.00,55
2019-02-09T03:00,-10.4,0.00,0.00,4.78,0.00,15.1,15.1,160,190,28.1,0.00,36
2019-02-09T04:00,-10.6,0.00,0.00,4.78,0.00,14.4,14.4,164,194,28.1,0.00,34
2019-02-09T05:00,-11.2,0.00,0.00,4.78,0.00,14.8,14.8,166,196,27.7,0.00,16
2019-02-09T06:00,-12.2,0.00,0.00,4.78,0.00,15.8,15.8,160,190,29.2,0.00,32
2019-02-09T07:00,-11.9,0.00,0.00,4.78,0.00,14.4,14.4,168,198,29.2,0.00,31
2019-02-09T08:00,-11.8,0.00,0.00,4.78,0.00,13.0,13.0,174,204,27.0,0.00,41
2019-02-09T09:00,-11.4,0.00,0.00,4.69,0.00,12.2,12.2,174,208,26.3,0.00,61
2019-02-09T10:00,-10.5,0.00,0.00,4.69,0.00,10.1,10.1,176,204,23.4,2374.39,53
2019-02-09T11:00,-8.9,0.00,0.00,4.69,0.00,10.4,10.4,178,206,19.4,3600.00,37
2019-02-09T12:00,-7.2,0.00,0.00,4.69,0.00,9.4,9.4,188,216,19.1,3600.00,91
2019-02-09T13:00,-4.3,0.00,0.00,4.69,0.00,9.4,9.4,174,204,17.6,0.00,74
2019-02-09T14:00,-3.3,0.00,0.00,4.69,0.00,9.0,9.0,188,218,19.1,3600.00,73
2019-02-09T15:00,-2.4,0.00,0.00,4.69,0.00,9.7,9.7,214,230,21.6,3600.00,30
2019-02-09T16:00,-3.0,0.00,0.00,4.69,0.00,11.9,11.9,248,248,27.0,3600.00,32
2019-02-09T17:00,-4.7,0.00,0.00,4.69,0.00,9.7,9.7,272,270,25.9,3600.00,100
2019-02-09T18:00,-6.4,0.00,0.00,4.69,0.00,4.7,4.7,218,236,17.3,0.00,67
2019-02-09T19:00,-8.4,0.00,0.00,4.69,0.00,10.8,10.8,172,204,19.8,0.00,42
2019-02-09T20:00,-9.5,0.00,0.00,4.69,0.00,10.4,10.4,176,206,20.2,0.00,51
2019-02-09T21:00,-9.3,0.00,0.00,4.69,0.00,11.2,11.2,170,204,21.2,0.00,60
2019-02-09T22:00,-9.5,0.00,0.00,4.69,0.00,11.2,11.2,172,202,21.2,0.00,61
2019-02-09T23:00,-9.5,0.00,0.00,4.69,0.00,11.5,11.5,174,202,22.0,0.00,55
2019-02-10T00:00,-9.2,0.00,0.00,4.69,0.00,11.5,11.5,168,200,23.0,0.00,83
2019-02-10T01:00,-8.4,0.00,0.00,4.69,0.00,11.9,11.9,168,198,22.7,0.00,81
2019-02-10T02:00,-8.0,0.00,0.00,4.69,0.00,13.7,13.7,164,190,25.6,0.00,77
2019-02-10T03:00,-7.9,0.00,0.00,4.69,0.00,11.9,11.9,158,188,24.1,0.00,73
2019-02-10T04:00,-8.2,0.00,0.00,4.69,0.00,14.0,14.0,166,186,27.0,0.00,87
2019-02-10T05:00,-7.4,0.00,0.00,4.69,0.00,16.9,16.9,160,180,33.1,0.00,86
2019-02-10T06:00,-6.7,0.00,0.00,4.69,0.00,19.8,19.8,156,172,39.2,0.00,73
2019-02-10T07:00,-6.4,0.00,0.00,4.69,0.00,19.8,19.8,176,184,43.2,0.00,49
2019-02-10T08:00,-7.2,0.00,0.00,4.69,0.00,19.4,19.4,176,184,41.4,0.00,51
2019-02-10T09:00,-6.5,0.00,0.00,4.63,0.00,19.1,19.1,166,176,41.8,0.00,77
2019-02-10T10:00,-6.0,0.00,0.00,4.63,0.00,24.5,24.5,172,180,51.1,0.00,90
2019-02-10T11:00,-5.3,0.00,0.00,4.63,0.00,25.6,25.6,176,182,54.0,0.00,61
2019-02-10T12:00,-4.7,0.00,0.00,4.63,0.00,26.3,26.3,172,178,54.7,0.00,91
2019-02-10T13:00,-4.4,0.00,0.00,4.63,0.00,27.0,27.0,180,184,59.0,0.00,86
2019-02-10T14:00,-4.0,0.00,0.00,4.63,0.00,28.8,28.8,182,188,64.1,0.00,87
2019-02-10T15:00,-4.0,0.00,0.00,4.63,0.00,28.8,28.8,184,188,68.0,1122.58,88
2019-02-10T16:00,-4.3,0.00,0.00,4.63,0.00,28.1,28.1,192,196,64.1,0.00,72
2019-02-10T17:00,-4.5,0.00,0.00,4.63,0.00,32.0,32.0,190,194,68.8,0.00,62
2019-02-10T18:00,-5.2,0.00,0.00,4.63,0.00,32.8,32.8,184,188,70.9,0.00,47
2019-02-10T19:00,-5.7,0.00,0.00,4.63,0.00,29.2,29.2,196,198,71.3,0.00,63
2019-02-10T20:00,-5.5,0.00,0.00,4.63,0.00,24.1,24.1,194,202,63.0,0.00,100
2019-02-10T21:00,-6.9,0.14,0.00,4.63,0.20,13.0,13.0,268,268,46.8,0.00,100
2019-02-10T22:00,-7.7,3.43,0.00,4.67,4.90,19.1,19.1,316,306,42.8,0.00,100
2019-02-10T23:00,-8.4,0.84,0.00,4.69,1.20,13.3,13.3,308,302,42.5,0.00,100
2019-02-11T00:00,-8.8,0.28,0.00,4.69,0.40,13.0,13.0,322,318,27.4,0.00,100
2019-02-11T01:00,-9.4,0.28,0.00,4.69,0.40,10.8,10.8,318,312,27.0,0.00,91
2019-02-11T02:00,-9.7,0.21,0.00,4.69,0.30,11.5,11.5,310,308,25.2,0.00,100
2019-02-11T03:00,-9.6,0.84,0.00,4.71,1.20,12.2,12.2,314,314,27.0,0.00,100
2019-02-11T04:00,-9.8,1.12,0.00,4.72,1.60,18.7,18.7,316,314,40.3,0.00,100
2019-02-11T05:00,-10.3,0.98,0.00,4.73,1.40,19.1,19.1,324,320,42.8,0.00,100
2019-02-11T06:00,-10.8,0.98,0.00,4.75,1.40,23.0,23.0,326,324,50.8,0.00,100
2019-02-11T07:00,-11.1,1.19,0.00,4.76,1.70,22.7,22.7,328,326,51.5,0.00,100
2019-02-11T08:00,-11.2,0.91,0.00,4.77,1.30,24.8,24.8,322,322,54.7,0.00,100
2019-02-11T09:00,-11.4,1.26,0.00,4.85,1.80,22.7,22.7,322,320,50.8,0.00,100
2019-02-11T10:00,-11.7,0.70,0.00,4.86,1.00,21.6,21.6,318,318,49.3,0.00,100
2019-02-11T11:00,-12.0,0.63,0.00,4.87,0.90,20.2,20.2,316,316,46.4,0.00,100
2019-02-11T12:00,-12.2,0.63,0.00,4.88,0.90,21.6,21.6,320,322,47.5,0.00,100
2019-02-11T13:00,-11.8,0.42,0.00,4.88,0.60,20.2,20.2,322,322,46.1,0.00,98
2019-02-11T14:00,-11.5,0.42,0.00,4.89,0.60,21.6,21.6,318,320,46.1,0.00,90
2019-02-11T15:00,-11.6,0.35,0.00,4.89,0.50,20.2,20.2,322,322,44.6,0.00,100
2019-02-11T16:00,-11.6,0.42,0.00,4.90,0.60,20.2,20.2,318,320,43.9,0.00,100
2019-02-11T17:00,-11.7,0.49,0.00,4.90,0.70,19.4,19.4,316,320,42.8,0.00,91
2019-02-11T18:00,-11.7,0.63,0.00,4.91,0.90,20.5,20.5,328,328,42.8,0.00,91
2019-02-11T19:00,-11.8,0.49,0.00,4.92,0.70,19.1,19.1,330,330,42.8,0.00,90
2019-02-11T20:00,-11.8,0.42,0.00,4.92,0.60,18.7,18.7,326,328,38.5,0.00,90
2019-02-11T21:00,-11.3,0.63,0.00,4.93,0.90,15.5,15.5,336,334,38.2,0.00,90
2019-02-11T22:00,-11.3,0.35,0.00,4.94,0.50,18.0,18.0,342,342,37.1,0.00,90
2019-02-11T23:00,-11.7,0.21,0.00,4.94,0.30,16.2,16.2,342,344,37.1,0.00,90
2019-02-12T00:00,-11.9,0.42,0.00,4.95,0.60,15.8,15.8,338,342,34.2,0.00,90
2019-02-12T01:00,-12.3,0.42,0.00,4.95,0.60,14.4,14.4,332,338,34.2,0.00,90
2019-02-12T02:00,-12.3,0.49,0.00,4.96,0.70,13.0,13.0,332,342,31.7,0.00,90
2019-02-12T03:00,-11.8,0.35,0.00,4.96,0.50,14.4,14.4,346,356,32.0,0.00,90
2019-02-12T04:00,-11.8,0.14,0.00,4.96,0.20,15.5,15.5,354,0,34.2,0.00,91
2019-02-12T05:00,-12.1,0.14,0.00,4.97,0.20,13.7,13.7,350,356,33.1,0.00,90
2019-02-12T06:00,-12.1,0.21,0.00,4.97,0.30,9.0,9.0,340,352,28.8,0.00,91
2019-02-12T07:00,-13.1,0.21,0.00,4.97,0.30,4.7,4.7,318,346,18.7,0.00,93
2019-02-12T08:00,-14.2,0.21,0.00,4.98,0.30,3.6,3.6,208,326,9.0,0.00,93
2019-02-12T09:00,-14.2,0.14,0.00,5.03,0.20,4.3,4.3,194,300,7.2,0.00,91
2019-02-12T10:00,-14.6,0.07,0.00,5.03,0.10,4.0,4.0,176,328,7.2,0.00,100
2019-02-12T11:00,-14.6,0.00,0.00,5.04,0.00,2.9,2.9,148,356,6.1,1135.40,100
2019-02-12T12:00,-13.8,0.00,0.00,5.04,0.00,3.2,3.2,160,344,6.1,2761.59,100
2019-02-12T13:00,-12.9,0.00,0.00,5.04,0.00,1.1,1.1,336,344,5.0,3600.00,100
2019-02-12T14:00,-11.0,0.07,0.00,5.04,0.10,9.0,9.0,350,348,20.2,2724.05,100
2019-02-12T15:00,-10.0,0.00,0.00,5.04,0.00,9.7,9.7,350,352,24.5,0.00,100
2019-02-12T16:00,-9.8,0.00,0.00,5.04,0.00,13.0,13.0,2,360,27.0,33.42,26
2019-02-12T17:00,-10.3,0.00,0.00,5.04,0.00,15.1,15.1,12,8,30.6,3600.00,9
2019-02-12T18:00,-11.0,0.00,0.00,5.04,0.00,12.6,12.6,22,16,28.8,3600.00,9
2019-02-12T19:00,-13.1,0.00,0.00,5.04,0.00,9.0,9.0,28,16,23.0,0.00,17
2019-02-12T20:00,-14.8,0.00,0.00,5.04,0.00,4.7,4.7,80,22,15.5,0.00,45
2019-02-12T21:00,-15.2,0.00,0.00,5.04,0.00,6.8,6.8,98,26,9.7,0.00,27
2019-02-12T22:00,-15.8,0.00,0.00,5.04,0.00,7.2,7.2,106,20,7.6,0.00,16
2019-02-12T23:00,-16.0,0.00,0.00,5.04,0.00,6.8,6.8,124,348,7.2,0.00,23
2019-02-13T00:00,-15.8,0.00,0.00,5.04,0.00,7.2,7.2,126,336,9.7,0.00,14
2019-02-13T01:00,-15.7,0.00,0.00,5.04,0.00,7.9,7.9,116,334,8.6,0.00,19
2019-02-13T02:00,-15.6,0.00,0.00,5.04,0.00,8.6,8.6,128,292,9.0,0.00,26
2019-02-13T03:00,-15.4,0.00,0.00,5.04,0.00,6.8,6.8,124,358,11.2,0.00,8
2019-02-13T04:00,-15.3,0.00,0.00,5.04,0.00,7.9,7.9,120,8,9.0,0.00,0
2019-02-13T05:00,-15.2,0.00,0.00,5.04,0.00,7.9,7.9,124,280,9.0,0.00,2
2019-02-13T06:00,-15.4,0.00,0.00,5.04,0.00,8.3,8.3,118,24,8.6,0.00,4
2019-02-13T07:00,-15.2,0.00,0.00,5.04,0.00,9.0,9.0,120,8,9.4,0.00,13
2019-02-13T08:00,-14.8,0.00,0.00,5.04,0.00,7.9,7.9,112,348,9.4,0.00,10
2019-02-13T09:00,-15.1,0.00,0.00,4.98,0.00,7.9,7.9,112,22,8.6,0.00,24
2019-02-13T10:00,-13.9,0.00,0.00,4.98,0.00,7.9,7.9,120,12,9.0,3600.00,21
2019-02-13T11:00,-11.7,0.00,0.00,4.98,0.00,7.2,7.2,126,340,9.0,3600.00,10
2019-02-13T12:00,-9.5,0.00,0.00,4.98,0.00,7.6,7.6,136,172,7.9,3600.00,10
2019-02-13T13:00,-6.9,0.00,0.00,4.98,0.00,7.2,7.2,132,182,7.6,3600.00,9
2019-02-13T14:00,-4.8,0.00,0.00,4.98,0.00,6.5,6.5,130,218,7.2,3600.00,13
2019-02-13T15:00,-4.0,0.00,0.00,4.98,0.00,6.1,6.1,124,84,6.5,3600.00,19
2019-02-13T16:00,-4.2,0.00,0.00,4.98,0.00,5.8,5.8,126,30,6.1,3600.00,18
2019-02-13T17:00,-5.4,0.00,0.00,4.98,0.00,6.5,6.5,126,16,6.5,3600.00,10
2019-02-13T18:00,-7.6,0.00,0.00,4.98,0.00,7.2,7.2,132,46,7.6,3600.00,23
2019-02-13T19:00,-9.6,0.00,0.00,4.98,0.00,7.9,7.9,134,72,8.3,0.00,19
2019-02-13T20:00,-10.7,0.00,0.00,4.98,0.00,8.3,8.3,130,58,8.3,0.00,20
2019-02-13T21:00,-11.2,0.00,0.00,4.98,0.00,7.9,7.9,132,66,8.6,0.00,25
2019-02-13T22:00,-11.8,0.00,0.00,4.98,0.00,8.6,8.6,136,116,9.0,0.00,28
2019-02-13T23:00,-12.1,0.00,0.00,4.98,0.00,8.6,8.6,134,196,9.4,0.00,35
2019-02-14T00:00,-12.1,0.00,0.00,4.98,0.00,9.0,9.0,136,164,9.7,0.00,36
2019-02-14T01:00,-12.1,0.00,0.00,4.98,0.00,10.1,10.1,136,194,10.4,0.00,41
2019-02-14T02:00,-11.9,0.00,0.00,4.98,0.00,9.4,9.4,132,216,10.4,0.00,39
2019-02-14T03:00,-12.2,0.00,0.00,4.98,0.00,8.6,8.6,132,166,10.8,0.00,28
2019-02-14T04:00,-12.4,0.00,0.00,4.98,0.00,9.0,9.0,132,134,9.4,0.00,26
2019-02-14T05:00,-12.4,0.00,0.00,4.98,0.00,9.0,9.0,128,104,9.4,0.00,27
2019-02-14T06:00,-12.8,0.00,0.00,4.98,0.00,9.4,9.4,126,92,10.4,0.00,26
2019-02-14T07:00,-12.6,0.00,0.00,4.98,0.00,9.0,9.0,122,24,9.7,0.00,30
2019-02-14T08:00,-12.5,0.00,0.00,4.98,0.00,7.9,7.9,116,2,9.4,0.00,25
2019-02-14T09:00,-13.2,0.00,0.00,4.88,0.00,8.6,8.6,128,78,9.7,0.00,25
2019-02-14T10:00,-12.1,0.00,0.00,4.88,0.00,9.0,9.0,128,46,9.7,3600.00,19
2019-02-14T11:00,-9.9,0.00,0.00,4.88,0.00,7.9,7.9,126,356,9.4,3600.00,21
2019-02-14T12:00,-7.2,0.00,0.00,4.88,0.00,7.2,7.2,128,78,8.3,3600.00,28
2019-02-14T13:00,-4.8,0.00,0.00,4.88,0.00,7.2,7.2,124,32,7.6,3600.00,54
2019-02-14T14:00,-2.9,0.00,0.00,4.88,0.00,6.1,6.1,122,10,7.2,3600.00,45
2019-02-14T15:00,-2.2,0.00,0.00,4.88,0.00,5.8,5.8,124,54,6.1,3600.00,66
2019-02-14T16:00,-2.6,0.00,0.00,4.88,0.00,6.5,6.5,124,44,6.8,3600.00,73
2019-02-14T17:00,-4.0,0.00,0.00,4.88,0.00,6.8,6.8,120,26,6.8,1520.17,67
2019-02-14T18:00,-5.7,0.00,0.00,4.88,0.00,7.6,7.6,126,46,7.6,0.00,28
2019-02-14T19:00,-8.1,0.00,0.00,4.88,0.00,8.3,8.3,126,44,9.0,0.00,5
2019-02-14T20:00,-9.4,0.00,0.00,4.88,0.00,8.3,8.3,128,32,9.0,0.00,1
2019-02-14T21:00,-10.5,0.00,0.00,4.88,0.00,7.9,7.9,130,50,9.0,0.00,0
2019-02-14T22:00,-11.1,0.00,0.00,4.88,0.00,7.9,7.9,134,52,8.6,0.00,0
2019-02-14T23:00,-11.4,0.00,0.00,4.88,0.00,8.3,8.3,136,106,9.0,0.00,0

time,wind_direction_10m_dominant (째),precipitation_sum (mm),rain_sum (mm),snowfall_sum (cm)
2019-01-31,154,0.90,0.00,0.63
2019-02-01,166,3.00,0.00,2.10
2019-02-02,170,2.50,0.00,1.75
2019-02-03,347,16.60,0.00,11.62
2019-02-04,106,0.60,0.00,0.42
2019-02-05,127,0.00,0.00,0.00
2019-02-06,132,0.00,0.00,0.00
2019-02-07,144,3.80,0.00,2.66
2019-02-08,131,2.30,0.00,1.61
2019-02-09,176,0.00,0.00,0.00
2019-02-10,183,6.30,0.00,4.41
2019-02-11,323,21.20,0.00,14.84
2019-02-12,0,4.10,0.00,2.87
2019-02-13,126,0.00,0.00,0.00
2019-02-14,128,0.00,0.00,0.00
